t,lambda1_true,lambda2_true,lambda1_learned,lambda2_learned,is_train
0.0,299.9966666296288,0.0033333703711946328,290.6811831756396,0.00502749929211177,1.0
0.004725771250047889,299.99752509517197,0.0033968993181474616,289.43086809856095,0.002821428098684464,1.0
0.008196634570648946,299.99106223144133,0.00479332179912717,289.1549955313734,0.004469396920228519,1.0
0.01409319806776235,299.97660090092677,0.005424919524500638,289.01800893544475,0.005216981807393495,1.0
0.0205758763196155,299.9595381523225,0.0055374461649648765,288.9795577362241,0.0053504685444067945,1.0
0.03033369765832203,299.93355286483956,0.005555966514805277,288.9508635201888,0.005372702160684639,1.0
0.04388531711626388,299.89741638993354,0.0055580456573238735,288.9155883102725,0.005375570840385535,1.0
0.06716055072684812,299.835344747753,0.005559700603726014,288.8553721758282,0.005378227847813832,1.0
0.11178082192735345,299.7163398667165,0.005562794383934033,288.73994579112593,0.00538322798632862,1.0
0.20954937705823706,299.45554405503924,0.0055695794177381686,288.4870170409205,0.005394190779441033,1.0
0.41945808033414095,298.895424307779,0.005584201654585286,287.94390429388733,0.005417790602223249,1.0
0.7876369860596237,297.9123407418014,0.005610034773496864,286.99103573891057,0.005459397014476508,1.0
1.3162333160935913,296.4994954623332,0.005647546539876203,285.622433080808,0.0055196136933659545,1.0
1.9885872758875505,294.6999542522067,0.005695997097916461,283.8806514508213,0.005597042916804185,1.0
2.8171521098027723,292.4790686609899,0.005756860894507554,281.733241019598,0.00569375782959014,1.0
3.344316192774593,291.06357994126535,0.005796295477523472,280.36585374375625,0.005756091367288718,1.0
4.486362185807343,287.9907201454709,0.005883530655978575,277.4008832869337,0.005893132401297407,1.0
5.6284081788400915,284.9093927788836,0.005973520751524575,274.43252341372926,0.006033211745773315,1.0
6.799438922864771,281.7408400346738,0.006068801559422354,271.38518803991053,0.0061801280493796185,1.0
9.46731300394923,274.4868108232723,0.006297521044928089,264.42834650826256,0.006527314139532336,1.0
13.723743434456843,262.80539391165047,0.00670065554663779,253.2841813901919,0.007121244983636643,1.0
19.27885033973058,247.33942768056363,0.00731200182249836,238.64332983515126,0.007982502184859186,1.0
25.419755949702754,229.91030970379967,0.008132883843643413,222.3005266114862,0.009075549897403334,1.0
32.72219295510629,208.64320816722847,0.009386764450113105,202.57707220947813,0.010635674018942609,1.0
40.34206792055274,185.67048285544072,0.011186794065025651,181.51565787918662,0.01271339520286574,1.0
47.97711169119414,161.60087623165614,0.013845515672443298,159.6612853127351,0.015571447131264904,1.0
55.612155461835535,136.06164490506296,0.018151036155245492,136.59503285529166,0.019935840849399256,1.0
61.968968256712614,113.13687854709015,0.024460174268710944,115.84299577622552,0.026099760721649545,1.0
65.14737465415115,100.84185502279487,0.02957823031086093,104.62345792626931,0.03102753617669407,1.0
69.84302449064631,81.12614497057814,0.042702455090207536,86.36884784075008,0.04358502836934974,1.0
72.99243526958523,66.29167117634368,0.06056901228882339,72.2913860820526,0.06065327256527553,1.0
74.6010905626912,57.910336251164225,0.07686080116640426,64.1468717938938,0.07623135575923357,1.0
75.75079997065934,51.4246442239476,0.09500490362363223,57.72105135291382,0.0936064142497699,1.0
77.11597352932317,42.94559932711857,0.13159179043434222,49.117922719443676,0.12873972622126928,1.0
77.79856030865508,38.25250133609803,0.1626123669301549,44.23691808430771,0.15863865778760555,1.0
78.70357040762126,31.31650054014603,0.23543575141660256,36.833620114252646,0.22923780181189812,1.0
79.37089529081224,25.3957452659213,0.348590470212919,30.30619657170674,0.33996550361655764,1.0
79.70455773240774,22.029643313855157,0.4560384328105478,26.504386302831513,0.4460028445260278,1.0
80.01209382984352,18.569556731642344,0.6315458317087561,22.53699859853129,0.6203202052816152,1.0
80.25810052408812,15.461132850813502,0.8986216142506116,18.949246677686354,0.8862505546748949,1.0
80.45094695453307,12.752566220871026,1.3099343162215344,15.85298026837976,1.2930086741231754,1.0
80.60391058558535,10.43522068569213,1.9647418882389562,13.288816645875091,1.9278031772148871,1.0
80.72706563755867,8.551817992032566,3.029820022956546,11.334846666790066,2.9319993037954184,1.0
80.82719626856229,7.197275875847079,4.73526169900637,10.137521055964843,4.508996699080768,1.0
80.91194301192803,7.456572356899549,6.429567840757478,10.003791313393348,6.973810138096297,1.0
80.96961374131999,10.643077070114874,6.302707188894155,10.995207814560624,9.741426783388714,1.0
81.01790329127147,14.967339990424133,6.649962768739147,13.706251310928801,12.4609836468579,1.0
81.04975153031909,19.4125298483908,7.292186008886079,18.371166348560887,12.8705525020114,1.0
81.08271348532469,26.73744868608567,8.63813618587352,26.050477369531155,11.710240786485496,1.0
81.09923556522999,32.377785046537795,9.79385263667665,31.606188186910984,10.143397458584786,1.0
81.1186232064052,42.27288141984548,11.920526909731525,42.39521387288328,6.577375839101961,1.0
81.12895774140017,50.02505700940485,13.608346999000894,51.85933984059919,3.127134106103732,1.0
81.1400405260906,61.62631144871341,16.08388029444786,65.56770264218338,3.3577205856085826,1.0
81.15112331078103,78.65668907502648,19.407372213035323,85.18134888945906,15.821639294437787,1.0
81.15849708708973,94.03473639363011,21.682953455477943,106.22650220232079,29.13841016167909,1.0
81.16587086339842,110.13920715289345,21.19112851818366,120.31899657858574,48.56646400436165,1.0
81.17171020208536,106.50419119870695,6.86205194835415,124.7187015904143,67.64699856549014,1.0
81.17676319174942,82.52283798141981,82.52283798141981,46.71304475187107,46.71304475187107,1.0
81.18076443763599,145.0181104802478,145.0181104802478,128.59526404041804,128.59526404041804,1.0
81.18476568352256,179.93206846669537,179.93206846669537,132.84758657382622,132.84758657382622,1.0
81.18876692940913,154.83242055035802,154.83242055035802,122.04217741572121,122.04217741572121,1.0
81.19327737933826,227.2740320200555,40.31828074750379,228.98201184789804,19.299509030464293,1.0
81.19692976311289,276.7370108562895,12.244406613874048,273.9302542882981,5.400010397050096,1.0
81.19954826635292,289.7313695336111,5.477907426430875,289.6173421130468,2.3420406020769633,1.0
81.20250978302501,296.10939003296494,2.229922358714134,293.12391263382176,0.7534468205818712,1.0
81.2054712996971,298.7233399011766,0.9099313261641555,294.09569146181747,0.030275546482130267,1.0
81.2084462043349,299.79523719875226,0.3685069827325833,307.0107430123156,0.17639028454306072,1.0
81.2115525695909,300.2405116215883,0.14147770757404032,309.3332101406547,0.1264431036228757,1.0
81.2148893489003,300.41769493675304,0.04840066488998218,269.53096630814355,0.05291890632054219,1.0
81.21859656589359,300.48026059176715,0.012172300982854267,236.68100668845423,0.02189380853911871,1.0
81.22273882539906,300.4944327028677,0.0004347681498302336,223.370222631337,0.012231334500427238,1.0
81.22766944866211,300.4891768562996,0.004378308539742193,219.07082413412826,0.009416696817794445,1.0
81.23351761341115,300.4755124178846,0.005340574030810785,218.00826697309762,0.008746718781537766,1.0
81.24110314575167,300.45565505366017,0.005522131265820462,217.79915312829456,0.008620163527382374,1.0
81.25101200795052,300.4292826250988,0.005543026299619669,217.76345922772416,0.008604278510858876,1.0
81.26571361606676,300.3900957502768,0.005545284662048289,217.74206778180425,0.008600544141927458,1.0
81.29007544901417,300.32515288558653,0.005546997642341012,217.7088465006546,0.008595760629447113,1.0
81.32806531738333,300.2238738324922,0.005549642067933291,217.65706443229462,0.008588332090937456,1.0
81.39134945410379,300.0551424395831,0.005554003919428396,217.57083573887263,0.008576020829991648,1.0
81.50752810294036,299.7453192809085,0.005562041906614468,217.4124469329769,0.008553507714225361,1.0
81.77292467249359,299.0372636349732,0.005580493946411025,217.05026161429385,0.008502548478872995,1.0
82.60993679476425,296.8014227621392,0.005639505361671127,215.90466871770343,0.008346146331291493,1.0
85.0875880142856,290.1578803909784,0.005821794370604039,212.48334138802977,0.007922261450573842,1.0
87.904736139271,282.55626054186894,0.006044038337222446,208.5362152675979,0.007513510999785922,1.0
91.80270390074611,271.9487309578552,0.006381297589541646,202.9689378442791,0.0070827996554498895,1.0
97.76538360133313,255.50131503169706,0.006977342927996233,194.19510165716082,0.00674957183784386,1.0
104.78915067218412,235.73359899513207,0.007840838142840312,183.41214579539778,0.006920341094371452,1.0
112.50264099271875,213.43540422842278,0.009075190439148173,170.9206416442911,0.007932393250882797,1.0
120.41252874370879,189.76502006876527,0.010822973294665417,157.25702286449638,0.010095419193589805,1.0
128.46431201903178,164.56581625067085,0.013460616938061776,142.2201462981449,0.013916175346025739,1.0
136.51609529435476,137.79974052194882,0.017787610974664858,125.63015723845112,0.020342625704458328,1.0
142.95671796149514,114.70819010469036,0.02391413498934014,110.70688250864487,0.028959277012489792,1.0
146.17702929506535,102.33586831598993,0.028863694361632497,102.41790416698083,0.03545867124429947,1.0
150.9466849875982,82.47005557712718,0.04151997553171327,88.52071984291821,0.05066178611392047,1.0
154.15102666846118,67.52534190281298,0.0586474005503419,77.36586377232123,0.06911981543947832,1.0
155.79244037521676,59.07219779507529,0.07420145146706858,70.64525467010785,0.08458697837288298,1.0
156.9681293248481,52.525736394804944,0.09146500233698873,65.1448550244552,0.10082663485155763,1.0
158.37894260223067,43.88682911011619,0.12650128311264552,57.323624692266385,0.13193022936718535,1.0
159.08434924092194,39.109430131858815,0.15613223623299177,52.61534895839149,0.15707272966240282,1.0
160.0348504829648,31.931871433024533,0.22706589556142376,44.782309217408056,0.21523556058666315,1.0
160.72999096225897,25.84650766833054,0.3372348995192418,37.096536060544935,0.3040640216609347,1.0
161.07756120190606,22.38191344099331,0.44252511220425106,32.106027577814956,0.38995592547436075,1.0
161.39502750950905,18.84778694114357,0.6138299142780532,26.399912589007428,0.5348287035277224,1.0
161.64748490445805,15.687067471964475,0.8737271277546057,20.671262776816466,0.7704032472749347,1.0
161.8443772841682,12.941838850691255,1.272308348906801,15.204447977917845,1.1727051569315883,1.0
162.0000293373701,10.593060800836456,1.904612829054157,10.316022412368952,1.905829373117907,1.0
162.12515401155966,8.67417417633479,2.9322526731253893,6.520841536457904,3.2332045947671215,1.0
162.22678350503904,7.277512211869856,4.58130914525701,5.265376405598045,4.124454807383881,1.0
162.31217170122002,7.198401936682012,6.466028869716592,8.180072884543861,2.663111515149435,1.0
162.37370849179888,10.487848285388882,6.2986943661879655,12.1910914387159,1.8422438277470938,1.0
162.4205078232501,14.549926458182565,6.601247987631817,17.186236599782557,1.3878451782896803,1.0
162.455714493365,19.349476234995482,7.281822399825142,22.27475395697199,1.0777208597419232,1.0
162.48500082197162,25.604758240397388,8.415774311831541,28.663772285637332,0.6325082565332671,1.0
162.50544651231127,32.323591788927516,9.782638657928818,36.07180231628351,0.025615406388901363,1.0
162.52589551628682,42.88188377674707,12.053102784416588,47.77916561055303,1.3860566153983243,1.0
162.5373993030747,51.91585320695899,14.017796100537801,57.211932939219984,2.714580297125515,1.0
162.54994439270996,66.39092535909481,17.062589286265208,71.89653861009732,4.77028094315169,1.0
162.55695516983457,77.71667588204544,19.239604653065257,83.6953039606037,6.083056725300395,1.0
162.56439648770322,93.02679340127578,21.57189809572435,99.80785378052042,7.188259048266929,1.0
162.57183780557187,109.49296128334694,21.423785803019555,112.38484343596703,6.9925019253089715,1.0
162.57773985631067,108.00715213108589,8.625622204073736,104.59718750953326,15.809297303922364,1.0
162.58281431925377,77.95202231719372,77.95202231719372,80.45140239007439,80.45140239007439,1.0
162.58686929803693,141.59534882372412,141.59534882372412,136.8898154474212,136.8898154474212,1.0
162.5909242768201,179.62048771525176,179.62048771525176,170.47007518722793,170.47007518722793,1.0
162.59497925560325,156.37587276928437,156.37587276928437,196.30191973217345,196.30191973217345,1.0
162.59956309338662,225.9318919548813,41.14114875392298,208.57026289325597,61.57458999710184,1.0
162.60355072935135,278.66073151687056,11.228745377248345,277.8411259325028,9.896100930678244,1.0
162.60651461319387,291.58332098081155,4.529843653324804,289.68898770039635,3.702787831830676,1.0
162.60968760185966,297.0943930592883,1.7316207600795792,294.37106153579094,1.690811380366597,1.0
162.61286059052546,299.21300695993887,0.6624891761482559,296.05745881403607,0.6577102760578555,1.0
162.61603357919125,300.0244389743834,0.2517253765319083,297.0668237116023,0.22042751665412652,1.0
162.6193556834765,300.3402885530455,0.08925264445798575,299.1964483642763,0.08948124873586494,1.0
162.6229482989412,300.4558400496011,0.026673176972678903,294.8009442082658,0.03092029048900713,1.0
162.62697830055978,300.4903151961442,0.004063075973760988,291.2973662596389,0.005879577164023431,1.0
162.63149163539907,300.49253741665996,0.0030633820954903968,289.9748953537217,0.0024218733850602803,1.0
162.63696301339834,300.48194872499056,0.005061277515324036,289.57709343346875,0.00478055772055086,1.0
162.64354958513567,300.4652201745197,0.005475733459547882,289.4797045704449,0.0052716479281116335,1.0
162.65234524760749,300.44189968469834,0.0055387500254369115,289.4448204781736,0.005346596644812962,1.0
162.664255150268,300.4101624975847,0.005544586743894797,289.4130425910244,0.0053538707066991265,1.0
162.68301845979667,300.3601454683064,0.005546098508261821,289.3644721622833,0.005356223430169393,1.0
162.71654313642526,300.27077337657033,0.00554841944853024,289.27776282521194,0.005359976453462423,1.0
162.78245286841195,300.09504785036575,0.0055529689317950215,289.1072877579513,0.005367338721498527,1.0
162.98376528983974,299.5581584908109,0.005566908380387758,288.58653207131493,0.005389875833998303,1.0
163.59232014719552,297.93370707133033,0.0056094781519959724,287.0117390440538,0.005458498661425892,1.0
165.97109545535943,291.56226655688226,0.005782366829066632,280.84747637367036,0.005734094991908023,1.0
168.86246944169957,283.769540927011,0.006007533247611718,273.3356747474133,0.006085796417835354,1.0
172.24037094303452,274.5941561799554,0.006294022399174537,264.5310925548531,0.006522060831684939,1.0
180.75035885871776,251.09707486100325,0.007154395685091686,242.18848081133885,0.007764677209593174,1.0
187.40762118439665,232.27281252110282,0.008012076478621566,224.50614484716957,0.008918717644775143,1.0
195.7986697745616,207.86152710221265,0.009439402780486716,201.8564766778074,0.010698810141263948,1.0
200.0,195.2916080908927,0.010364231511232447,190.30818152911132,0.011782966359049851,1.0
200.66225165562915,193.2855796365001,0.010527029182782144,188.47173553797248,0.011969368775908151,0.0
201.32450331125827,191.2723604128337,0.01069497343172543,186.63042392786727,0.012160436530308516,0.0
201.98675496688742,189.25179012274342,0.01086826680636932,184.78408053530868,0.012356344806335073,0.0
202.64900662251657,187.22371378720595,0.011047120755080186,182.93254196437408,0.012557276784235682,0.0
203.3112582781457,185.1879818222308,0.011231756185537733,181.0756474937046,0.012763424220992192,0.0
203.97350993377484,183.14445011742592,0.01142240406682049,179.21323897918882,0.01297498807912234,0.0
204.63576158940398,181.09300037199148,0.011619460827120065,177.34517052270283,0.013192338854707941,0.0
205.2980132450331,179.03346417928964,0.011823711954633609,175.47122840123967,0.013416245167775287,0.0
205.96026490066225,176.96551101979543,0.012035548125879814,173.59107360065775,0.013647064162654488,0.0
206.6225165562914,174.88881078594562,0.012255342181447304,171.7043670105093,0.013885132186658211,0.0
207.28476821192052,172.80304251743738,0.012483485159265229,169.81077509025323,0.014130802012857657,0.0
207.94701986754967,170.70789455730107,0.012720387612972672,167.90996972097446,0.01438444418289464,0.0
208.60927152317882,168.60306471281064,0.012966481047413936,166.00162804948215,0.014646448475588159,0.0
209.27152317880794,166.48826042124173,0.013222219484191555,164.08543232440212,0.014917225515290511,0.0
209.9337748344371,164.3631989204929,0.013488081170748956,162.16106972387925,0.015197208533891171,0.0
210.59602649006624,162.22760742458635,0.013764570448529412,160.22823217450878,0.015486855303521452,0.0
211.25827814569536,160.08122330406343,0.014052219797605403,158.28661616112342,0.015786650258291957,0.0
211.9205298013245,157.92379427129458,0.014351592077588293,156.33592252706194,0.01609710682581067,0.0
212.58278145695365,155.75507857257153,0.014663282993552684,154.37585626590962,0.016418769999120286,0.0
213.24503311258277,153.57496357259225,0.01498872996199907,152.40619834185034,0.016753021784893463,0.0
213.90728476821192,151.38302237979835,0.015329606919124217,150.42643617360386,0.01710147100635595,0.0
214.56953642384107,149.17856818818828,0.015686949027838182,148.43584890525224,0.017465083254819547,0.0
215.2317880794702,146.96093412653795,0.016061855552806037,146.4337271805851,0.01784488375975002,0.0
215.89403973509934,144.72947370035837,0.016455495868143544,144.41937278785795,0.01824196347945417,0.0
216.5562913907285,142.48356125321308,0.016869116164002662,142.3920982860188,0.01865748591666261,0.0
217.2185430463576,140.2225924474861,0.017304046947856477,140.35122661071023,0.01909269475822839,0.0
217.88079470198676,137.9459847647157,0.017761711450759776,138.29609065835064,0.019548922451377848,0.0
218.5430463576159,135.65317802561964,0.018243635066681918,136.22603284660826,0.020027599848305044,0.0
219.20529801324503,133.34363492996215,0.018751455975461795,134.14040464957225,0.020530267071791286,0.0
219.86754966887418,131.01684161643814,0.019286937123894177,132.0385661059325,0.021058585779542227,0.0
220.52980132450332,128.67230824278147,0.019851979771488004,129.91988529848666,0.021614353036198963,0.0
221.19205298013244,126.30957097017541,0.020448947257364125,127.78372868805413,0.022199814631349568,0.0
221.8543046357616,123.92789601849718,0.02108438316984973,125.62907390158901,0.02282124244696604,0.0
222.51655629139074,121.52590964893258,0.021762893893210844,123.45438711380822,0.023483016559453063,0.0
223.17880794701986,119.10220321946557,0.022488215769598696,121.25812255916449,0.024188673984554043,0.0
223.841059602649,116.65541936507363,0.02326442686111818,119.03875724745576,0.02494208218521976,0.0
224.50331125827816,114.18425363035914,0.024095993061706622,116.79478994027325,0.025747485511104173,0.0
225.16556291390728,111.6874561964143,0.024987821910173125,114.52474005817756,0.026609559376524317,0.0
225.82781456953643,109.16383370345005,0.025945325632477534,112.22714650932379,0.027533473685309673,0.0
226.49006622516555,106.61225117107738,0.026974495299612045,109.90056643002201,0.028524967357739683,0.0
227.1523178807947,104.0315276445559,0.02808409462197403,107.54341868524995,0.029592428486466815,0.0
227.81456953642385,101.41944253600192,0.02929407832878894,105.15286000882183,0.03075483490914621,0.0
228.47682119205297,98.77345696104379,0.03061616603675077,102.72598370826275,0.03202337399289945,0.0
229.13907284768212,96.09117567623753,0.0320615461951661,100.26000395915429,0.0334087811833399,0.0
229.80132450331126,93.37032699132872,0.03364299661600967,97.75217734233881,0.03492335999550278,0.0
230.46357615894038,90.60942053010847,0.03538503970756324,95.20014648800206,0.03659051450497941,0.0
231.12582781456953,87.8045036885402,0.03732034786166594,92.59911154940669,0.0384413858741226,0.0
231.78807947019868,84.950383515726,0.03948153629134765,89.9431379788771,0.040507184887729863,0.0
232.4503311258278,82.04211467923783,0.0419063479423869,87.22637714786919,0.04282409937339082,0.0
233.11258278145695,79.07501394722975,0.0446388917030589,84.44306209417097,0.04543451378228269,0.0
233.7748344370861,76.04467624845823,0.047731260222050764,81.58750293274119,0.048388597710086856,0.0
234.43708609271522,72.9468459095822,0.0512599720504312,78.6536470881962,0.051759772083897815,0.0
235.09933774834437,69.77310087762615,0.05537704998845072,75.63013695987586,0.05569274364154353,0.0
235.76158940397352,66.51093375155106,0.060226372347756296,72.50223459871302,0.06032571767289596,0.0
236.42384105960264,63.148409077499025,0.06598057227743936,69.25539150951143,0.06582521573842826,0.0
237.08609271523179,59.674312582839704,0.07286897577643003,65.875033690171,0.07241275949887438,0.0
237.74834437086093,56.071595286926225,0.08139229751249388,62.337161799180954,0.08056811266918373,0.0
238.41059602649005,52.31500774887049,0.0921225761721658,58.61048588548728,0.0908442943730563,0.0
239.0728476821192,48.375916887180225,0.1060502459530781,54.65651243020433,0.10419861964207655,0.0
239.73509933774835,44.2122747359455,0.12480211320432488,50.419866907827604,0.12220940558085402,0.0
240.39735099337747,39.76264423119716,0.15149411424449255,45.817589922389885,0.14791048141953667,0.0
241.05960264900662,34.93673805944147,0.19219044492913184,40.72813794001683,0.1872449023694429,0.0
241.72185430463577,29.58244515368865,0.2618548076008054,34.942670490904135,0.254986369245529,0.0
242.3841059602649,23.41148075516036,0.40642717862318634,28.072792950470877,0.39695472269903576,0.0
243.04635761589404,15.78299930678565,0.8633301332614192,19.320348634266356,0.8511423019836464,0.0
243.7086092715232,6.803199715865091,6.524707641481895,9.896417339457104,6.395710687143778,0.0
244.3708609271523,299.6040471178055,0.0055657086334690575,217.34021291675688,0.008543289554552302,0.0
245.03311258278146,297.8362244727388,0.00561196643684525,216.4353321974542,0.008417736834047673,0.0
245.6953642384106,296.0658139725272,0.005659104911103441,215.5271944459972,0.008296237546545626,0.0
246.35761589403972,294.29288762398295,0.005706880952800475,214.6161005441509,0.008179012021656717,0.0
247.01986754966887,292.5170532515767,0.005755461897308578,213.70167939818387,0.008065984708508722,0.0
247.68211920529802,290.73847268277495,0.005805155471705348,212.7836813379716,0.007957024920813183,0.0
248.34437086092714,288.95731728231334,0.005855929867436771,211.86223054034207,0.00785222546394948,0.0
249.0066225165563,287.1733192909214,0.005907276192772315,210.93774367025935,0.007751953407534984,0.0
249.66887417218544,285.38611274627635,0.0059596722749688524,210.00953573906546,0.0076559578363060155,0.0
250.33112582781456,283.5961233323228,0.006012099463760023,209.07889191002235,0.007564926522604765,0.0
250.9933774834437,281.80318285543126,0.006066868104539935,208.14330303908864,0.007477537716852112,0.0
251.65562913907286,280.0072502166493,0.006122050776809829,207.2047827019751,0.007395003637583386,0.0
252.31788079470198,278.2082825095236,0.006178240119709244,206.26269279598458,0.007317036445783742,0.0
252.98013245033113,276.40623410980646,0.0062354857739137515,205.31696612843365,0.007243673913308157,0.0
253.64238410596028,274.6010604618471,0.006293796063062018,204.36757962494144,0.007174979022664729,0.0
254.3046357615894,272.7927181040172,0.006353211743657994,203.4144780337045,0.007110998491157261,0.0
254.96688741721854,270.9811563414549,0.006413773993585892,202.4576031739459,0.007051781082623165,0.0
255.6291390728477,269.1663230456239,0.006475510939367268,201.49691041068814,0.0069973847335802475,0.0
256.2913907284768,267.3481673844579,0.006538451424944469,200.5323558480087,0.006947869024116926,0.0
256.95364238410593,265.5266398336806,0.006602625037885446,199.56389634877456,0.006903295209667704,0.0
257.6158940397351,263.7016925061962,0.006668065872418083,198.59148600464295,0.006863724452330189,0.0
258.27814569536423,261.8732750173664,0.006734836629220808,197.6150504312991,0.006829206668811594,0.0
258.94039735099335,260.04132541074995,0.0068029784110308356,196.63453233619086,0.006799805300687467,0.0
259.6026490066225,258.20578168837676,0.006872526563427073,195.64988119920574,0.006775589175532559,0.0
260.26490066225165,256.3665834053014,0.006943517394290666,194.6610474096611,0.006756629265794345,0.0
260.92715231788077,254.52367168402967,0.007015988212202728,193.66798229114417,0.0067429987369393984,0.0
261.58940397350995,252.67698922916307,0.007089977366433686,192.67063812695307,0.006734772997816663,0.0
262.25165562913907,250.8264808534268,0.007165527334052513,191.66896554052815,0.00673202849608856,0.0
262.9139072847682,248.97209237614726,0.00724272857712549,190.66287154402198,0.006734825419442814,0.0
263.57615894039736,247.1137474746387,0.007321644676494543,189.65227979208834,0.0067432399259530484,0.0
264.2384105960265,245.2513665644353,0.007402324273925842,188.63712811187847,0.006757358107023492,0.0
264.9006622516556,243.38487203524545,0.007484817435198465,187.61735551832456,0.006777269127297814,0.0
265.5629139072848,241.51418827083188,0.007569175711239495,186.59290224787173,0.006803065304723077,0.0
266.2251655629139,239.63924166922408,0.007655452202527613,185.56370979303406,0.006834842195019064,0.0
266.887417218543,237.75996066326218,0.007743701626765187,184.52972093776535,0.006872698681718248,0.0
267.5496688741722,235.87627574147527,0.007833980390472561,183.49087979364447,0.006916737070724821,0.0
268.2119205298013,233.98812003665014,0.007926349788135667,182.44712931651299,0.006967062179228378,0.0
268.87417218543044,232.0954310293436,0.00802095584720064,181.39834106649246,0.007023757159743127,0.0
269.5364238410596,230.1981080567729,0.008117906982676004,180.34440472075704,0.0070869262084727325,0.0
270.19867549668874,228.29604142712586,0.008217277709547943,179.28523844721403,0.007156690656074716,0.0
270.86092715231786,226.38912418639404,0.00831914497112507,178.22076212731483,0.007233176807147856,0.0
271.52317880794703,224.47725214917205,0.008423588255737968,177.1508974073225,0.007316516095784209,0.0
272.18543046357615,222.56032393005003,0.008530689719663087,176.07556775082926,0.007406845251836103,0.0
272.8476821192053,220.63824097559524,0.008640534317862603,174.99469849251707,0.007504306476477041,0.0
273.50993377483445,218.71090759692976,0.008753209942199192,173.9082168931617,0.007609047629017596,0.0
274.17218543046357,216.77823100289967,0.008868807568092052,172.8160521958556,0.007721222425686847,0.0
274.8344370860927,214.8401213338373,0.00898742141040998,171.7181356834541,0.007840990650294088,0.0
275.49668874172187,212.89649655312857,0.009109191326444943,170.61436825918787,0.007968509637578336,0.0
276.158940397351,210.94725744820988,0.0092344066208625,169.50452387964154,0.008103919470158871,0.0
276.8211920529801,208.9922434957208,0.009363214301032485,168.38846953753583,0.0082474067787075,0.0
277.4834437086093,207.03129364178875,0.009495746662395277,167.2660887792876,0.00839917169557225,0.0
278.1456953642384,205.06425103341505,0.00963214100568166,166.13726795804965,0.008559423785129638,0.0
278.8079470198675,203.09096307331566,0.009772539915473999,165.00189632337458,0.008728382415881697,0.0
279.4701986754967,201.11128147600274,0.009917091557326785,163.8598661130742,0.008906277156654596,0.0
280.1324503311258,199.12506232510577,0.01006594999600452,162.7110726472407,0.009093348199968432,0.0
280.79470198675494,197.1321661319335,0.01021927553509272,161.55541442441043,0.009289846813629765,0.0
281.4569536423841,195.1324578952811,0.010377235081364233,160.39279321982985,0.009496035823246984,0.0
282.11920529801324,193.12580716248246,0.010540002534497717,159.22311418578533,0.009712190126805353,0.0
282.78145695364236,191.11208872341584,0.010707763710627205,158.04628290046873,0.009938596829698554,0.0
283.44370860927154,189.0911902143456,0.010881014414906076,156.86198829556278,0.010175536105663241,0.0
284.10596026490066,187.06288843248723,0.011060176428912882,155.669932374595,0.01042333512501159,0.0
284.7682119205298,185.0269233064807,0.01124551123049855,154.4699290878679,0.010682360258101653,0.0
285.43046357615896,182.98304180373975,0.011437292038664282,153.26179743873834,0.010952998024890803,0.0
286.0927152317881,180.93099804009745,0.011635804591776377,152.04536166024397,0.011235656090462953,0.0
286.7549668874172,178.87055339251137,0.011841347989104634,150.82045139629898,0.011530764336299626,0.0
287.4172185430464,176.80147661483258,0.01205423560193708,149.5869018873824,0.011838776011501295,0.0
288.0794701986755,174.72354395664908,0.01227479606035331,148.34455416063113,0.012160168971774965,0.0
288.7417218543046,172.63653928520452,0.012503374324182914,147.09325522421162,0.01249544701255445,0.0
289.4039735099338,170.54025421040768,0.012740332845339708,145.8328582658408,0.012845141304126173,0.0
290.0662251655629,168.43448821293697,0.012986052831763573,144.56322285528995,0.013209811937457516,0.0
290.72847682119203,166.31907406315617,0.013241170552959147,143.28407387756073,0.01359006045711908,0.0
291.3907284768212,164.19376674215965,0.013506902764873985,141.9947425815501,0.013986590307013103,0.0
292.05298013245033,162.05811010085554,0.01378389969832483,140.694856720325,0.014400167269030817,0.0
292.71523178807945,159.91165077334796,0.014072796306891178,139.38408120098808,0.01483160700806252,0.0
293.3774834437086,157.7539488519447,0.014374263223714934,138.0620918311144,0.01528177905632333,0.0
294.03973509933775,155.58457815115025,0.014689009734127012,136.72857574738538,0.015751610292142004,0.0
294.70198675496687,153.40312648097162,0.015017787053380971,135.38323185657492,0.016242088726841075,0.0
295.36423841059604,151.20919592957853,0.015361391946413505,134.02577128857314,0.016754267629750075,0.0
296.02649006622516,149.00240315535615,0.015720670731496966,132.6559178610272,0.017289270023781,0.0
296.6887417218543,146.78237968839787,0.016096523715987132,131.27340855510238,0.017848293587604758,0.0
297.35099337748346,144.54877224149652,0.01648991011882117,129.8779940017647,0.01843261600538426,0.0
298.0132450331126,142.30124957191424,0.01690191740541991,128.46940643867867,0.019043612234128204,0.0
298.6754966887417,140.03950316924877,0.017335416948895954,127.0464496169004,0.01968312202608047,0.0
299.3377483443709,137.76274600143884,0.017792744863044163,125.608083947317,0.020353162820072157,0.0
300.0,135.47008211374802,0.018275667575778698,124.1536167418278,0.02105581012480684,0.0
300.6622516556291,133.16064469738762,0.01878608073388932,122.6823825542528,0.021793309373308034,0.0
301.3245033112583,130.8335968403306,0.019326023304586215,121.19374444741287,0.022568090480177716,0.0
301.9867549668874,128.48813231402912,0.019897693581413023,119.68709530651023,0.023382784004752466,0.0
302.64900662251654,126.12347639633556,0.020503467399279884,118.16185919725689,0.024240239113908046,0.0
303.3112582781457,123.73888673099229,0.021145918917341078,116.6174927667516,0.02514354356499382,0.0
303.97350993377484,121.33365422411535,0.021827844400036156,115.0534866846135,0.02609604596061388,0.0
304.63576158940396,118.90710397818609,0.022552289509135903,113.4693671213734,0.02710138056302469,0.0
305.29801324503313,116.45824889749815,0.023326717670883568,111.8626310868565,0.028165083724147166,0.0
305.96026490066225,113.98548140496573,0.0241595800930412,110.23035629955054,0.029293768487690386,0.0
306.6225165562914,111.48729180163936,0.025055425140308785,108.57176360775921,0.03049309698049285,0.0
307.28476821192055,108.96223282063178,0.026019292826205742,106.88613409396018,0.031769262162825385,0.0
307.94701986754967,106.40892170494156,0.027056790478070525,105.17281111535763,0.03312904849256881,0.0
308.6092715231788,103.82642177790397,0.028177373813349504,103.43010286892047,0.03458113949739072,0.0
309.27152317880797,101.21299781754918,0.029396386651896478,101.65408251603237,0.03613779450516574,0.0
309.9337748344371,98.5655466314779,0.030727153173970123,99.84168228712079,0.03781190938437362,0.0
310.5960264900662,95.88107513175174,0.03218453176016567,97.99003347043082,0.03961801670574516,0.0
311.2582781456954,93.15672400761713,0.033785290013511826,96.0964568160997,0.041572552015153974,0.0
311.9205298013245,90.38977392374056,0.035548475013655434,94.15847604081668,0.04369413871469874,0.0
312.5827814569536,87.5776522223278,0.03749587375133956,92.17383220769898,0.04600392482323912,0.0
313.2450331125828,84.71794159586666,0.03965417020884843,90.13999111039345,0.048526857977847726,0.0
313.9072847682119,81.80696658767121,0.04208352464800669,88.04500021938101,0.051308984220597154,0.0
314.56953642384104,78.83794164799208,0.04484214660136843,85.87940368663756,0.0544003569375775,0.0
315.2317880794702,75.80398298095113,0.04798871432764429,83.63702532482823,0.05785457237742264,0.0
315.89403973509934,72.69859142776838,0.051593497474897276,81.31237111867968,0.06173484297607956,0.0
316.55629139072846,69.51564473213666,0.0557441179507947,78.90008020628332,0.06611765342074705,0.0
317.21854304635764,66.24619949774815,0.06063323150576139,76.37379174659387,0.07115382477633148,0.0
317.88079470198676,62.876790943069814,0.06646455538780316,73.7149585180428,0.07701214149858515,0.0
318.5430463576159,59.39411172864173,0.07348506787518971,70.90957217696493,0.08389591750092507,0.0
319.20529801324506,55.77965905979054,0.08216101582817004,67.91576891166011,0.09217345394544907,0.0
319.8675496688742,52.011169972611626,0.09308799380694666,64.69972523482099,0.10231572794720023,0.0
320.5298013245033,48.05565664498637,0.10735075370920555,61.188335557517256,0.11517094013793638,0.0
321.1920529801325,43.87066226428726,0.1265674082515602,57.310943949862924,0.13198732675386537,0.0
321.8543046357616,39.396092346323556,0.1540393582830717,52.90963027477485,0.1553194503259192,0.0
322.5165562913907,34.53561060326573,0.19640194014631618,47.743556500503196,0.19032542397062713,0.0
323.1788079470199,29.130327583544506,0.26945648765679664,41.39134718653867,0.24943185900708897,0.0
323.841059602649,22.87327810015466,0.42469850147633537,32.846732416326965,0.3752793655460067,0.0
324.50331125827813,15.080356264713448,0.9429991805790312,19.50402391284735,0.8366139063533069,0.0
325.1655629139073,9.29793981593139,6.295379838047566,10.685775536787332,2.069192423595249,0.0
325.82781456953643,299.4507543443475,0.00556970463583184,288.48237202944864,0.0053943928250532736,0.0
326.49006622516555,297.68270074247215,0.005616109287302606,286.76851931481,0.005469160612904034,0.0
327.1523178807947,295.912004132842,0.005663300355990941,285.05362069538194,0.005544824504681856,0.0
327.81456953642385,294.1386281203238,0.0057112981763225434,283.3376609475938,0.005621401909706947,0.0
328.47682119205297,292.36253545044934,0.005760120854290562,281.6206244362547,0.005698907340160986,0.0
329.13907284768214,290.583689784635,0.005809787117641463,279.9024962627511,0.00577735575910765,0.0
329.80132450331126,288.8020542956279,0.005860326689173689,278.1832590914227,0.005856774752771798,0.0
330.4635761589404,287.0175881431096,0.00591176431777285,276.4628926720707,0.005937185763173147,0.0
331.12582781456956,285.2302504776002,0.005964119004204349,274.7413777251701,0.006018603183065352,0.0
331.7880794701987,283.4400014589811,0.006017410202389328,273.0186957811378,0.006101041635872662,0.0
332.4503311258278,281.64680222491245,0.006071665134015802,271.29482794383784,0.006184524488674015,0.0
333.112582781457,279.85060946216475,0.006126921804309404,269.5697493162802,0.006269087338978352,0.0
333.7748344370861,278.05137621250714,0.006183203985415275,267.84343384990365,0.006354748855471826,0.0
334.4370860927152,276.24905657411733,0.006240535413553516,266.1158564245209,0.006441527318315821,0.0
335.0993377483444,274.4436057959205,0.006298940410715659,264.38699281748586,0.00652944133486244,0.0
335.7615894039735,272.6349804066625,0.006358444213617531,262.65681975854926,0.006618510211183093,0.0
336.42384105960264,270.82314215613314,0.006419094377463352,260.92531554443747,0.00670877855549179,0.0
337.0860927152318,269.00803833260454,0.006480933233035557,259.1924455436163,0.006800284584073779,0.0
337.74834437086093,267.1896102124374,0.006543991382386594,257.458171087058,0.006893052613122563,0.0
338.41059602649005,265.36780045891726,0.006608300209279605,255.72245460096246,0.006987107432649964,0.0
339.07284768211923,263.54255313459714,0.006673891908633323,253.98525959146576,0.007082474331156163,0.0
339.73509933774835,261.71381371382165,0.006740799517785945,252.2465506285311,0.007179179121379775,0.0
340.3973509933775,259.88152909543265,0.006809056948554826,250.50629332898617,0.007277248168264805,0.0
341.05960264900665,258.0456476156599,0.006878699021513057,248.7644543387115,0.007376708417922373,0.0
341.72185430463577,256.20611906119353,0.006949761501289231,247.02100131394917,0.007477587428923016,0.0
342.3841059602649,254.36289568323144,0.007022302746065634,245.2759012031272,0.007579937854472973,0.0
343.04635761589407,252.51591650505839,0.007096416809531547,243.52910414697345,0.007683852147721382,0.0
343.7086092715232,250.6651043448943,0.007172148972870218,241.78055104693667,0.0077893669681259325,0.0
344.3708609271523,248.81038338471825,0.007249543150749105,240.03018405368815,0.007896516878332704,0.0
345.0331125827815,246.95167966896432,0.007328644525443906,238.27794667703114,0.008005337314500593,0.0
345.6953642384106,245.0889211228957,0.007409499599845049,236.52378376366352,0.008115864634504533,0.0
346.3576158940397,243.2220375712808,0.007492156254045312,234.76764147377503,0.00822813616994722,0.0
347.0198675496689,241.35096075737064,0.007576663803945394,233.00946725644957,0.0083421902807288,0.0
347.682119205298,239.475624362179,0.007663073063440606,231.249209823855,0.008458066413993492,0.0
348.34437086092714,237.595964024063,0.007751436410131873,229.486819124188,0.00857580516637313,0.0
349.0066225165563,235.71192104138737,0.007841831600188698,227.7222473740928,0.008695474610703968,0.0
349.66887417218544,233.82342824322558,0.00793441874921541,225.95543053060962,0.008817233093083132,0.0
350.33112582781456,231.93037835522816,0.00802927793483832,224.18627525123276,0.008941149484400057,0.0
350.9933774834437,230.03266359004422,0.008126480741367459,222.41468826155017,0.009067282473125715,0.0
351.65562913907286,228.13017882469117,0.008226101058681934,220.64057816877113,0.009195692501492658,0.0
352.317880794702,226.2228216302293,0.008328215191141908,218.86385542768238,0.009326441870229019,0.0
352.9801324503311,224.3104923020027,0.008432901973321805,217.08443230483957,0.009459594850028452,0.0
353.6423841059603,222.39309389044786,0.008540242892678407,215.30222284095066,0.009595217800807632,0.0
354.3046357615894,220.47053223247082,0.008650322218898054,213.51714281140565,0.009733379299063927,0.0
354.9668874172185,218.54271598339002,0.008763227141542984,211.7291096849107,0.009874150274356452,0.0
355.6291390728477,216.60955664945044,0.008879047915598903,209.93804258018196,0.010017604154938908,0.0
356.2913907284768,214.67096862090537,0.008997878016231198,208.14386222066497,0.010163817023766342,0.0
356.95364238410593,212.72687515492507,0.009119909015169014,206.34648901560325,0.010312969661811167,0.0
357.6158940397351,210.77715615209277,0.009245421249886476,204.54579649696257,0.01046533671586758,0.0
358.27814569536423,208.82164658901237,0.009374545090821584,202.7416284173004,0.010621029873703947,0.0
358.94039735099335,206.86018504666993,0.009507412589897513,200.9338310802882,0.010780161448195713,0.0
359.6026490066225,204.89261432129982,0.009644160814673342,199.12225355302718,0.010942847946807888,0.0
360.26490066225165,202.91878147949345,0.009784932127587354,197.30674760613562,0.011109210351264664,0.0
360.92715231788077,200.93853791455194,0.009929874484726042,195.48716765077998,0.011279374418023735,0.0
361.58940397350995,198.9517394040888,0.010079141754602006,193.66337067257345,0.011453471002255355,0.0
362.25165562913907,196.95824616887893,0.010232894059754472,191.83521616222913,0.011631636406093548,0.0
362.9139072847682,194.95792293295779,0.010391298142025107,190.00256604289632,0.011814012754484793,0.0
363.57615894039736,192.9506389849746,0.010554527754152332,188.1652845940716,0.012000748399458416,0.0
364.2384105960265,190.9362682407998,0.010722764079588387,186.32323837200965,0.01219199835679774,0.0
364.9006622516556,188.91470961064266,0.010896421233951514,184.47630106346176,0.01238815941582061,0.0
365.5629139072848,186.88577112996663,0.011076023302649673,182.6242568115871,0.012589739894536933,0.0
366.2251655629139,184.84918034515255,0.011261839914197935,180.76683141580054,0.012796979912479856,0.0
366.887417218543,182.80467181209508,0.011454151669852308,178.9037551531998,0.01301012910658983,0.0
367.5496688741722,180.75198742379212,0.011653251995085157,177.03476279840166,0.013229448539590294,0.0
368.2119205298013,178.69087652667858,0.011859448004287287,175.15959350719717,0.013455211580748028,0.0
368.87417218543044,176.62109604021393,0.012073061437575916,173.27799069428406,0.013687704864651096,0.0
369.5364238410596,174.5424105797327,0.01229442967593286,171.38970190482655,0.013927229335138236,0.0
370.19867549668874,172.45459258256398,0.012523906842830002,169.49447867959339,0.01417410138304831,0.0
370.86092715231786,170.3574224374275,0.01276186500086851,167.59207641341987,0.014428654086771076,0.0
371.52317880794703,168.25068861711824,0.01300869545320893,165.6822542067552,0.01469123856651322,0.0
372.18543046357615,166.1341878144902,0.013264810160251272,163.76477471005418,0.014962225463705181,0.0
372.8476821192053,164.00776445451947,0.013530930095612348,161.83942597862801,0.015242295929795091,0.0
373.50993377483445,161.87117460602434,0.013808390676643967,159.9058862184854,0.015532745924190294,0.0
374.17218543046357,159.72391659879077,0.01409790475884165,157.96362977554537,0.015834236819415537,0.0
374.8344370860927,157.56549231052114,0.01440017954519135,156.01213188979125,0.01614742086647425,0.0
375.49668874172187,155.39541829181772,0.014715962776051583,154.05087615345178,0.016472987913090265,0.0
376.158940397351,153.21322606198828,0.015046046192964013,152.079354253347,0.016811668934934687,0.0
376.8211920529801,151.01846241580185,0.01539126936785351,150.09706569964004,0.017164239950858473,0.0
377.4834437086093,148.81068974124597,0.015752523942580865,148.1035175400913,0.017531526369225503,0.0
378.1456953642384,146.58948634833413,0.016130758331456718,146.09822405889219,0.017914407818778955,0.0
378.8079470198675,144.3544468090208,0.016526982944611746,144.0807064591704,0.018313823526341366,0.0
379.4701986754967,142.10518230829703,0.016942276002453127,142.05049252826112,0.01873077831103842,0.0
380.1324503311258,139.84132100654264,0.017377790017945927,140.0071162848498,0.019166349276645178,0.0
380.79470198675494,137.56252226916754,0.01783515193218932,137.9501155436603,0.01962207713026487,0.0
381.4569536423841,135.26826815733057,0.01831829141096364,135.8787801558976,0.02010174399697462,0.0
382.11920529801324,132.95757921724442,0.018829592770629233,133.7920409888741,0.020607606799302403,0.0
382.78145695364236,130.62946398910242,0.019371207939769874,131.68882003075728,0.021141690821764314,0.0
383.44370860927154,128.2829646998564,0.01994545698289585,129.56805550032382,0.02170618249087397,0.0
384.10596026490066,125.9171581822963,0.020554847552659794,127.42870119101252,0.022303449084503768,0.0
384.7682119205298,123.53115683961242,0.02120209712415999,125.26972577516979,0.022936061275217412,0.0
385.43046357615896,121.12410965591154,0.021890158481880917,123.0901120642757,0.02360681897867778,0.0
386.0927152317881,118.69520325324977,0.022622249023157792,120.88885622090292,0.024318781070036266,0.0
386.7549668874172,116.24366299585971,0.023401884557088692,118.66496691809247,0.025075299644967686,0.0
387.4172185430464,113.76859353162202,0.02423526999281478,116.4172487237606,0.02588230179344464,0.0
388.0794701986755,111.26830476963994,0.025134065624939694,114.14361948380056,0.02675090241537248,0.0
388.7417218543046,108.7410709807544,0.026104105304327163,111.84213330964647,0.027686649044980527,0.0
389.4039735099338,106.1852530380854,0.027151349577465567,109.5108997440992,0.028695230912646252,0.0
390.0662251655629,103.59928540277473,0.02828245933268647,107.14805350325153,0.029783031658496384,0.0
390.72847682119203,100.98203285836297,0.02950794560626946,104.75198933328117,0.03096010502116542,0.0
391.3907284768212,98.33168321776486,0.030846080198941195,102.32026632093692,0.032243849258435375,0.0
392.05298013245033,95.64476933485523,0.03231304173091587,99.8489953489702,0.03364971524918303,0.0
392.71523178807945,92.9179265005775,0.03392686279478596,97.33430915498127,0.03519495008684714,0.0
393.3774834437086,90.14794449637735,0.03570802034462872,94.77239478436405,0.036899173134074204,0.0
394.03973509933775,87.33177516923533,0.03767993637841016,92.15949046463805,0.03878487118353746,0.0
394.70198675496687,84.46654066026153,0.039869607650118155,89.49188221578545,0.04087801970119642,0.0
395.36423841059604,81.54948593786817,0.042314534818899574,86.76570740221625,0.04321460253022735,0.0
396.02649006622516,78.57552624052934,0.04509275335837515,83.97406194788823,0.045868766044847575,0.0
396.6887417218543,75.53675424636539,0.04827236548017311,81.10774326667986,0.04890573587336178,0.0
397.35099337748346,72.42550680928515,0.05192934259129345,78.157632389375,0.05239860058495083,0.0
398.0132450331126,69.23457910436521,0.056155940763332524,75.11474551851695,0.05643634622425964,0.0
398.6754966887417,65.95660628860958,0.06109512732805911,71.96906038202826,0.06115631123142862,0.0
399.3377483443709,62.57845662193537,0.06701787476404064,68.70307317418046,0.06681732367590598,0.0
400.0,59.084537073982105,0.07417409533129415,65.29796211140422,0.0736609586696062,0.0
