t,y1,y2
0.0,2.0,0.0
0.004302523206631818,1.9997630198807663,-0.02824800903184548
0.008605046413263637,1.999593717690253,-0.045361876030318986
0.014501119452231495,1.9994235198491566,-0.05843318154461472
0.021091616096229088,1.9992774656505075,-0.06554801339314281
0.02943026782293906,1.9991228770855898,-0.06939521684021888
0.039061635223301125,1.9989610274685088,-0.07098217949583255
0.05127519998079113,1.9987642137977686,-0.0715575455156015
0.06602351683814371,1.9985299056210726,-0.07169145456615547
0.08583766726294521,1.998216315613233,-0.0716909035801422
0.11212706286895238,1.997800734774998,-0.07165141932249544
0.15209939461487088,1.9971694610201032,-0.07158628073475616
0.22171333484335545,1.9960717196135387,-0.07147278221908583
0.328286860428105,1.9943952111430532,-0.07129975111517538
0.5279967838508268,1.991266640198459,-0.07097791718812214
0.9540104812893441,1.9846488259336292,-0.07030170855137602
1.0025062656641603,1.9839002285318925,-0.07022560957698587
1.9082466610502429,1.970091387313762,-0.0688363104868981
2.0050125313283207,1.968634966883274,-0.06869139818916345
3.007518796992481,1.953750253008414,-0.06722815091214908
3.4871223909215043,1.9467559044223501,-0.06655200462818299
4.010025062656641,1.9392187843521516,-0.06583160092274876
5.012531328320802,1.9250150163455724,-0.06449728214241433
5.815897519724354,1.9138531587438488,-0.06347074758306805
6.015037593984962,1.911115092333168,-0.06322192670228644
7.017543859649122,1.8974960363432816,-0.062001299308242
8.020050125313283,1.884137404183105,-0.06083226575509406
9.022556390977444,1.8710192157791683,-0.0597124137851483
9.113582041572172,1.8698393268639764,-0.059613085645554974
10.025062656641603,1.8581218979950078,-0.05863837001123791
11.027568922305765,1.8454283531862559,-0.05760677281193275
12.030075187969924,1.8329224006828813,-0.05661586655647936
13.032581453634085,1.8205878609785704,-0.05566390611628851
13.102728933877898,1.8197307859716463,-0.05559870826063344
14.035087719298245,1.8084088376828773,-0.05474806594589922
15.037593984962406,1.796371772648231,-0.05386547269493255
16.040100250626566,1.7844641114808972,-0.05301483132263908
17.04260651629073,1.7726733011438085,-0.05219485327658786
18.045112781954888,1.7609867885998982,-0.05140425000434798
18.4562286402519,1.7562215291037955,-0.05108822686773306
19.047619047619047,1.749392139172073,-0.0506412723474497
20.050125313283207,1.7378787033469938,-0.04990286616667518
21.05263157894737,1.7264372125025762,-0.049187978052008675
22.05513784461153,1.7150584338813537,-0.04849579038509777
23.05764411027569,1.7037331347258593,-0.04782548554759006
24.06015037593985,1.6924520822786262,-0.047176245921133134
24.264198489340544,1.6901605483394293,-0.04704660756047441
25.06265664160401,1.68120614822401,-0.04654640808695818
26.06516290726817,1.6699881329085056,-0.045933506338637936
27.06766917293233,1.6587921616071235,-0.04533688482851947
28.07017543859649,1.64761237607379,-0.044755944454551215
29.072681704260653,1.636442918062431,-0.04419008611468163
30.075187969924812,1.625277929326973,-0.04363871070685916
31.065292470801573,1.6142497203998019,-0.0431077859189356
31.07769423558897,1.6141115516074744,-0.04310121889370663
32.08020050125313,1.602938513243028,-0.04257548927431003
33.08270676691729,1.5917561984672883,-0.04205968263934645
34.08521303258146,1.5805627265167526,-0.04155351012049314
35.08771929824562,1.5693562166279174,-0.04105668284942735
36.090225563909776,1.5581347880372796,-0.04056891195782633
37.092731829573935,1.546896559981336,-0.040089908577367335
37.8663864522626,1.5382111165139947,-0.03972606319237065
38.095238095238095,1.5356396727636517,-0.039619308691239336
39.097744360902254,1.5243637434330002,-0.03915500140767999
40.100250626566414,1.513070539092969,-0.03869629805974467
41.10275689223057,1.5017619615355808,-0.03824341939254405
42.10526315789474,1.4904399125528598,-0.037796586151188784
43.1077694235589,1.4791062939368287,-0.03735601908078955
44.11027568922306,1.4677630074795116,-0.036921938926456996
45.11278195488722,1.4564119549729313,-0.03649456643330179
45.14538904931213,1.4560426466744438,-0.03648078104115429
46.11528822055138,1.4450562534064681,-0.036074536661853396
47.11779448621554,1.4336989504038948,-0.03566319664798432
48.1203007518797,1.4223415862545077,-0.035261783905859156
49.12280701754386,1.410985699810144,-0.034871535660590876
50.12531328320802,1.3996328299226406,-0.03449368913729245
50.70159982402709,1.3931086433485307,-0.034282579900680586
51.12781954887218,1.3882848292330374,-0.03413013648425825
52.13032581453634,1.3769427330947892,-0.03378807418511985
53.1328320802005,1.365600034049466,-0.03347151387588811
54.13533834586466,1.3542491485762909,-0.03318336182192702
55.13784461152882,1.3428824931544876,-0.03292652428860056
56.14035087719298,1.3314924842632796,-0.0327039075412727
56.44104599906045,1.3280704401379861,-0.03264424099916557
57.142857142857146,1.3200708627627415,-0.032524292221671046
58.145363408521305,1.3085963511831489,-0.032409198658422254
59.147869674185465,1.297037242679752,-0.03236587030443453
60.150375939849624,1.2853615891027124,-0.0324005218345956
60.85330651211376,1.2770882685171767,-0.03247466371913933
61.152882205513784,1.273537522605241,-0.03252146877871965
62.15538847117794,1.261519187807611,-0.032772401001516946
63.1578947368421,1.2492255008762558,-0.03318445389661493
64.16040100250626,1.2365705108263607,-0.03377838810894093
64.37125433513066,1.2338547872975327,-0.033928405081059834
65.16290726817043,1.22346191443476,-0.03460869268745898
66.16541353383458,1.2097288400218775,-0.0357961582266598
67.07504388183705,1.1965439687203774,-0.03724576661425785
67.16791979949875,1.1951523039827452,-0.03741686280885926
68.17042606516291,1.179453946136239,-0.03970653704462418
69.11558102689581,1.163160369807116,-0.04277580838182956
69.17293233082707,1.1621141128270658,-0.04299643610844747
70.17543859649123,1.1423934989974618,-0.04796476189964779
70.6152134665136,1.132637171141695,-0.050970474452443425
71.17794486215539,1.1188068556773192,-0.05600365659351337
71.68991280972814,1.1043501708281287,-0.0623789606724866
72.18045112781955,1.0880879672501291,-0.07116010147552378
72.22726248133542,1.0863693883256997,-0.07219657315767411
72.77508149066628,1.0631042166948548,-0.08885208293656727
73.13784432753009,1.0427495599924796,-0.10825780314962702
73.1829573934837,1.0397756825287858,-0.1115501348083678
73.319225745962,1.0299453044893188,-0.12350451563905077
73.51536480667428,1.0127330481309071,-0.14881375989671647
73.65588671459216,0.9968535384751502,-0.17818381412099357
73.77240519923737,0.9798003221650682,-0.2172362826034594
73.85518446761493,0.9641230314961216,-0.26064073306722735
73.89657410180372,0.9545747510013928,-0.29154793695763315
73.92164615760821,0.9480028690169575,-0.3159914721247084
73.94624930633243,0.940751759282883,-0.3484610439945325
73.95641041196967,0.9374323228626559,-0.36724445642519393
73.96496034473218,0.934412137034133,-0.38965413139887356
73.96923531111344,0.9327854178655243,-0.40516285966145915
73.973127713532,0.9312188273130882,-0.4204846925536612
73.9778749740036,0.9292270879369348,-0.4333966220919672
73.9837626012633,0.9267097260665974,-0.4386732734884306
73.98965022852299,0.9241768483143511,-0.43879102654707747
73.9973156790261,0.9208694394872484,-0.43691343841684777
74.00666744306565,0.9168253330762606,-0.4339449791847271
74.01975355936257,0.911155722900181,-0.4294937541710268
74.03691217053239,0.9037111336529586,-0.4234630192566685
74.05789885816375,0.8945955117205606,-0.4160508986558784
74.08355155617743,0.8834329203712513,-0.4072246107810903
74.11574941573694,0.8693623046247958,-0.39669131831585336
74.158033094669,0.8507216169786884,-0.38359484196507176
74.18546365914787,0.8385020030472795,-0.37539642835031406
74.20298250382336,0.8306370523368123,-0.3702594975118704
74.27426949275453,0.7980498575588095,-0.3500986975065463
74.34845210813454,0.7628823874019219,-0.3304540933860305
74.42021348704745,0.7272468138141565,-0.3109651070178699
74.46758083131877,0.7028240832052024,-0.28206028006065725
74.49126450345443,0.690506354572343,-0.2590733748958514
74.50310633952226,0.6843173593829055,-0.25355349592418613
74.52128041612744,0.6746641126863433,-0.2607297660429809
74.53118930056651,0.6692548817573,-0.2738869120412792
74.5362274244789,0.6664400859989412,-0.2850954571516214
74.53984518821973,0.6643794521521152,-0.29691840943800085
74.54484185826387,0.6614480437808601,-0.3258373991599548
74.54680392081976,0.6602508877966082,-0.3478503012875473
74.5491989361638,0.6587149187368283,-0.4011826824635732
74.55106278098806,0.6573972376224047,-0.4904721865265496
74.55300258567114,0.6558034453055385,-0.6323346363572951
74.55559627154209,0.6532552776439441,-0.8217819319492996
74.55950041027569,0.6487065526351751,-1.0272327797456502
74.56344890271772,0.6435191004855042,-1.157507632944632
74.56810740824542,0.6369500742794418,-1.2489430561165182
74.57347411034756,0.6290397683041798,-1.3099225933342675
74.57988485906534,0.6193192125927803,-1.3514878472906127
74.58812452773878,0.6066018187590986,-1.3758369580895629
74.59785345555296,0.5915014670615285,-1.3737491985014418
74.60791377564813,0.576020130505597,-1.3474704620280473
74.61797409574329,0.5608108578820313,-1.3125571905094555
74.62954966651397,0.5436930657299471,-1.2725568701783037
74.64616153754167,0.5198467063090262,-1.2186258066778854
74.66277340856938,0.4967909188667258,-1.1715424734339783
74.68094567236167,0.4722408691931782,-1.1318117203269986
74.70468407321947,0.44057882072251675,-1.0993218982903832
74.72921596512269,0.40757385884872077,-1.084896053908434
74.76847116646537,0.35284913568202675,-1.106251874368966
74.78124465282828,0.33422474459328844,-1.1338826655935732
74.79101427625803,0.3195503363160371,-1.1687319144351647
74.80099993031928,0.30400749367370855,-1.2252584239965334
74.81098558438053,0.2876413408512442,-1.3213917378404616
74.81597841141117,0.2789919625926735,-1.3969592320208652
74.82313369517196,0.26574326968332146,-1.5657806102760516
74.83028897893276,0.2508798005120778,-1.86212213592189
74.83744707983331,0.23309596076559086,-2.4187798110383323
74.84460518073386,0.20893887430527142,-3.717735915420969
74.84757083029564,0.1952588456565264,-4.594696442626574
74.85249202561668,0.1669105977024029,-5.8170460131252675
74.85741322093773,0.13498187071197365,-5.965771287717961
74.86233441625878,0.10477762192254769,-5.173854905845164
74.86742594724369,0.07895639625381821,-3.8923314295577125
74.87042250149584,0.0669740468915731,-3.068581841568148
74.87351385215754,0.05732109605671648,-2.039628437617315
74.87793666634343,0.04955117775526266,-0.591638739205584
74.88065881954456,0.04750251983167201,-0.17432883695157933
74.88133935784485,0.047248503864074115,-0.11419856549839484
74.88182499102992,0.04713134536663961,-0.08138054463187941
74.8825461179283,0.04699956679197382,-0.05484479918679688
74.88326724482668,0.04688991045040505,-0.04593285263638575
74.88418497715321,0.0467592722340958,-0.04327795404728506
74.88529908297143,0.046603108574395494,-0.042756812354563085
74.88688292152351,0.046382114360059346,-0.04256316605984783
74.88921561107345,0.04605805702289716,-0.04234077388274938
74.8933500357519,0.04548771909160972,-0.04195550261364496
74.90142667754353,0.04438809831151508,-0.041221944813471786
74.91809999764747,0.042176804583701426,-0.039780199377965744
74.94808486443323,0.03838722732777955,-0.037397917961632124
74.99505994371756,0.03288985976586479,-0.034090436880077256
75.06401131538293,0.02567834826933374,-0.029899987251425498
75.15279464977861,0.017693985586298925,-0.025275345202609528
75.18796992481202,0.014885842804027254,-0.023606855476996425
75.20169352160487,0.013841260333945976,-0.02297201770856908
75.24538999221505,0.010709480634904702,-0.020969739939067557
75.27507009767967,0.008770637110803938,-0.019571254574010957
75.29510343002215,0.007570140844662824,-0.01855248067644748
75.30817958990228,0.0068473833433987065,-0.0178113263464547
75.31733790569851,0.006377997031431059,-0.017223834128982637
75.33125562427468,0.005743520106006914,-0.01613216720288106
75.346318314454,0.005213457135859755,-0.014620053388404473
75.36297060163695,0.004846882343877814,-0.013296322929420424
75.38301346728126,0.004588319137889705,-0.012564193558346095
75.40537638809185,0.0044114312730654925,-0.012141676134954796
75.4372098167036,0.004266937529786377,-0.011817296057251207
75.4786933946144,0.004175385139789513,-0.01161812518061579
75.53469821606942,0.004126710116753094,-0.011513865706977591
75.60454384797089,0.004108295734133526,-0.011474690497026352
75.69801547953439,0.004102897861340574,-0.011463233654136791
75.81747773619061,0.004101931990013356,-0.011461184563019424
75.98907131539114,0.004101825586564981,-0.01146095902280136
76.19047619047619,0.004101819910476188,-0.011460946776419637
76.25433647196532,0.004101820186480951,-0.011460947698303007
76.75360775626876,0.00410181994189507,-0.011460947133786028
77.19298245614036,0.0041018198744265455,-0.011460946929243319
77.80046866097423,0.004101819922730384,-0.011460947091719622
78.19548872180451,0.0041018198996351524,-0.011460947075961838
79.19799498746868,0.00410181990156083,-0.011460947077419006
80.20050125313283,0.004101819918881013,-0.011460947083624799
80.22704276414389,0.004101819918726839,-0.01146094708322428
81.203007518797,0.00410181991388775,-0.011460947071674596
82.20551378446115,0.004101819912071588,-0.011460947066902764
83.20802005012531,0.004101819912526581,-0.011460947067378057
84.21052631578948,0.004101819914318795,-0.011460947071143241
85.21303258145363,0.004101819916514299,-0.011460947076241075
86.2155388471178,0.00410181991817916,-0.011460947080714325
87.21804511278195,0.004101819918379446,-0.01146094708260575
87.27258984538031,0.004101819918329987,-0.011460947082596155
88.22055137844612,0.004101819917483069,-0.011460947082334754
89.22305764411027,0.004101819916743912,-0.011460947082108017
90.22556390977444,0.00410181991615446,-0.011460947081928666
91.2280701754386,0.00410181991570334,-0.011460947081792924
92.23057644110276,0.004101819915379178,-0.011460947081697006
93.23308270676692,0.0041018199151706064,-0.011460947081637139
94.23558897243107,0.004101819915066251,-0.011460947081609538
95.23809523809524,0.00410181991505474,-0.01146094708161043
96.2406015037594,0.004101819915124701,-0.011460947081636032
97.24310776942356,0.004101819915264765,-0.011460947081682566
98.24561403508773,0.004101819915463557,-0.011460947081746253
99.24812030075188,0.004101819915709707,-0.011460947081823315
100.25062656641605,0.004101819915991844,-0.011460947081909971
101.2531328320802,0.004101819916298594,-0.011460947082002444
102.25563909774436,0.004101819916618585,-0.011460947082096953
103.25814536340852,0.004101819916940449,-0.011460947082189718
104.26065162907268,0.0041018199172528115,-0.011460947082276964
105.26315789473684,0.0041018199175443,-0.011460947082354908
106.265664160401,0.004101819917803544,-0.011460947082419773
107.26817042606517,0.004101819918019172,-0.011460947082467782
108.27067669172932,0.004101819918179811,-0.011460947082495149
109.27318295739349,0.00410181991827409,-0.011460947082498101
109.77367383946465,0.004101819918292778,-0.01146094708248926
110.27568922305764,0.004101819918301259,-0.011460947082476828
111.2781954887218,0.0041018199183177504,-0.011460947082452705
112.28070175438596,0.004101819918333657,-0.011460947082429509
113.28320802005013,0.004101819918348987,-0.011460947082407228
114.28571428571429,0.004101819918363747,-0.011460947082385849
115.28822055137844,0.004101819918377943,-0.011460947082365353
116.29072681704261,0.004101819918391587,-0.011460947082345735
117.29323308270676,0.0041018199184046835,-0.011460947082326974
118.29573934837093,0.004101819918417242,-0.011460947082309063
119.29824561403508,0.004101819918429269,-0.011460947082291981
120.30075187969925,0.0041018199184407736,-0.011460947082275722
121.30325814536342,0.004101819918451762,-0.011460947082260267
122.30576441102757,0.004101819918462243,-0.011460947082245607
123.30827067669173,0.004101819918472225,-0.011460947082231727
124.31077694235589,0.004101819918481714,-0.011460947082218613
125.31328320802005,0.004101819918490718,-0.011460947082206253
126.3157894736842,0.004101819918499246,-0.01146094708219463
127.31829573934837,0.0041018199185073045,-0.011460947082183735
128.32080200501252,0.004101819918514902,-0.011460947082173552
129.3233082706767,0.004101819918522045,-0.011460947082164065
130.32581453634086,0.004101819918528744,-0.01146094708215527
131.328320802005,0.004101819918535004,-0.01146094708214714
132.33082706766916,0.004101819918540835,-0.011460947082139674
133.33333333333334,0.004101819918546241,-0.011460947082132853
134.3358395989975,0.004101819918551234,-0.011460947082126664
135.33834586466165,0.0041018199185558196,-0.011460947082121092
136.34085213032583,0.004101819918560006,-0.011460947082116127
137.34335839598998,0.0041018199185638,-0.011460947082111754
138.34586466165413,0.0041018199185672115,-0.011460947082107955
139.34837092731829,0.004101819918570246,-0.011460947082104725
140.35087719298247,0.004101819918572913,-0.011460947082102048
141.35338345864662,0.004101819918575218,-0.011460947082099906
142.35588972431077,0.004101819918577172,-0.01146094708209829
143.35839598997492,0.0041018199185787795,-0.011460947082097186
144.3609022556391,0.00410181991858005,-0.011460947082096577
145.36340852130326,0.004101819918580991,-0.011460947082096455
146.3659147869674,0.00410181991858161,-0.011460947082096802
147.3684210526316,0.004101819918581915,-0.011460947082097609
148.37092731829574,0.004101819918581913,-0.011460947082098858
149.3734335839599,0.004101819918581613,-0.01146094708210054
150.37593984962405,0.0041018199185810225,-0.011460947082102638
151.37844611528823,0.004101819918580147,-0.01146094708210514
152.38095238095238,0.004101819918578999,-0.011460947082108033
153.38345864661653,0.004101819918577581,-0.011460947082111303
154.3859649122807,0.004101819918575903,-0.011460947082114935
155.38847117794487,0.004101819918573975,-0.01146094708211892
156.39097744360902,0.0041018199185718,-0.011460947082123238
157.39348370927317,0.00410181991856939,-0.011460947082127883
158.39598997493735,0.004101819918566751,-0.011460947082132838
159.3984962406015,0.00410181991856389,-0.011460947082138087
160.40100250626566,0.0041018199185608156,-0.011460947082143621
161.40350877192984,0.004101819918557535,-0.011460947082149424
162.406015037594,0.004101819918554058,-0.011460947082155485
163.40852130325814,0.004101819918550389,-0.011460947082161785
164.4110275689223,0.004101819918546539,-0.011460947082168318
165.41353383458647,0.004101819918542513,-0.011460947082175066
166.41604010025063,0.0041018199185383205,-0.011460947082182017
167.41854636591478,0.004101819918533969,-0.011460947082189156
168.42105263157896,0.0041018199185294665,-0.011460947082196473
169.4235588972431,0.004101819918524818,-0.01146094708220395
170.42606516290726,0.004101819918520036,-0.011460947082211575
171.42857142857142,0.004101819918515124,-0.01146094708221934
172.4310776942356,0.004101819918510092,-0.011460947082227224
173.43358395989975,0.004101819918504947,-0.011460947082235216
174.4360902255639,0.004101819918499698,-0.011460947082243305
175.43859649122808,0.0041018199184943505,-0.011460947082251476
176.44110275689223,0.004101819918488913,-0.011460947082259716
177.4436090225564,0.004101819918483394,-0.011460947082268007
178.44611528822054,0.004101819918477802,-0.011460947082276343
179.44862155388472,0.0041018199184721426,-0.011460947082284706
180.45112781954887,0.004101819918466425,-0.011460947082293085
181.45363408521303,0.004101819918460656,-0.011460947082301463
182.4561403508772,0.004101819918454845,-0.011460947082309832
183.45864661654136,0.004101819918448997,-0.011460947082318174
184.4611528822055,0.004101819918443122,-0.011460947082326476
185.46365914786966,0.004101819918437228,-0.011460947082334727
186.46616541353384,0.00410181991843132,-0.011460947082342913
187.468671679198,0.004101819918425409,-0.011460947082351017
188.47117794486215,0.0041018199184195015,-0.01146094708235903
189.47368421052633,0.004101819918413604,-0.011460947082366939
190.47619047619048,0.004101819918407726,-0.011460947082374724
191.47869674185463,0.004101819918401875,-0.01146094708238238
192.4812030075188,0.004101819918396058,-0.01146094708238989
193.48370927318297,0.004101819918390282,-0.011460947082397237
194.48621553884712,0.004101819918384557,-0.011460947082404412
195.48872180451127,0.004101819918378889,-0.011460947082411401
196.49122807017545,0.004101819918373286,-0.01146094708241819
197.4937343358396,0.0041018199183677564,-0.011460947082424766
198.49624060150376,0.004101819918362308,-0.011460947082431115
199.4987468671679,0.0041018199183569465,-0.011460947082437223
200.5012531328321,0.004101819918351683,-0.011460947082443078
201.50375939849624,0.0041018199183465226,-0.011460947082448667
202.5062656641604,0.004101819918341474,-0.011460947082453973
203.50877192982455,0.004101819918336544,-0.011460947082458987
204.51127819548873,0.004101819918331744,-0.011460947082463693
205.51378446115288,0.004101819918327076,-0.011460947082468078
206.51629072681703,0.004101819918322551,-0.011460947082472129
207.5187969924812,0.004101819918318178,-0.011460947082475834
208.52130325814537,0.004101819918313963,-0.011460947082479175
209.52380952380952,0.004101819918309913,-0.011460947082482143
210.52631578947367,0.004101819918306037,-0.011460947082484725
211.52882205513785,0.004101819918302343,-0.011460947082486904
212.531328320802,0.004101819918298837,-0.011460947082488666
213.53383458646616,0.004101819918295528,-0.011460947082490004
214.53634085213034,0.004101819918292424,-0.011460947082490899
215.51293765231543,0.0041018199182896046,-0.011460947082491332
215.5388471177945,0.0041018199182895326,-0.011460947082491338
216.54135338345864,0.004101819918286775,-0.011460947082491553
217.5438596491228,0.004101819918284076,-0.011460947082491766
218.54636591478697,0.004101819918281435,-0.011460947082491976
219.54887218045113,0.004101819918278852,-0.01146094708249218
220.55137844611528,0.004101819918276325,-0.011460947082492378
221.55388471177946,0.004101819918273856,-0.011460947082492571
222.5563909774436,0.004101819918271443,-0.01146094708249276
223.55889724310777,0.004101819918269085,-0.011460947082492946
224.56140350877192,0.004101819918266783,-0.011460947082493124
225.5639097744361,0.004101819918264535,-0.0114609470824933
226.56641604010025,0.0041018199182623425,-0.011460947082493473
227.5689223057644,0.004101819918260203,-0.011460947082493638
228.57142857142858,0.0041018199182581185,-0.011460947082493803
229.57393483709274,0.0041018199182560845,-0.011460947082493959
230.5764411027569,0.004101819918254105,-0.011460947082494113
231.57894736842104,0.004101819918252176,-0.011460947082494262
232.58145363408522,0.004101819918250299,-0.011460947082494408
233.58395989974937,0.004101819918248473,-0.01146094708249455
234.58646616541353,0.004101819918246698,-0.011460947082494686
235.5889724310777,0.004101819918244974,-0.01146094708249482
236.59147869674186,0.004101819918243298,-0.01146094708249495
237.593984962406,0.0041018199182416715,-0.011460947082495074
238.59649122807016,0.004101819918240094,-0.011460947082495194
239.59899749373434,0.0041018199182385655,-0.011460947082495312
240.6015037593985,0.004101819918237083,-0.011460947082495426
241.60401002506265,0.0041018199182356494,-0.011460947082495536
242.60651629072683,0.004101819918234263,-0.01146094708249564
243.60902255639098,0.0041018199182329225,-0.011460947082495742
244.61152882205513,0.0041018199182316275,-0.01146094708249584
245.6140350877193,0.0041018199182303785,-0.011460947082495935
246.61654135338347,0.004101819918229174,-0.011460947082496026
247.61904761904762,0.004101819918228014,-0.011460947082496111
248.62155388471177,0.004101819918226899,-0.011460947082496196
249.62406015037595,0.004101819918225827,-0.011460947082496278
250.6265664160401,0.004101819918224798,-0.011460947082496354
251.62907268170426,0.004101819918223811,-0.011460947082496425
252.6315789473684,0.004101819918222867,-0.011460947082496495
253.6340852130326,0.004101819918221966,-0.01146094708249656
254.63659147869674,0.004101819918221104,-0.011460947082496625
255.6390977443609,0.004101819918220284,-0.011460947082496686
256.64160401002505,0.0041018199182195035,-0.011460947082496741
257.64411027568923,0.004101819918218765,-0.011460947082496797
258.6466165413534,0.004101819918218064,-0.011460947082496847
259.64912280701753,0.004101819918217402,-0.011460947082496892
260.6516290726817,0.004101819918216779,-0.011460947082496937
261.65413533834584,0.004101819918216194,-0.011460947082496979
262.65664160401,0.0041018199182156455,-0.011460947082497017
263.6591478696742,0.0041018199182151355,-0.011460947082497052
264.6616541353383,0.004101819918214662,-0.011460947082497083
265.6641604010025,0.004101819918214224,-0.011460947082497112
266.6666666666667,0.004101819918213821,-0.011460947082497138
267.6691729323308,0.0041018199182134545,-0.011460947082497163
268.671679197995,0.004101819918213122,-0.011460947082497182
269.67418546365917,0.004101819918212824,-0.011460947082497201
270.6766917293233,0.00410181991821256,-0.011460947082497216
271.6791979949875,0.0041018199182123296,-0.011460947082497229
272.68170426065166,0.004101819918212132,-0.01146094708249724
273.6842105263158,0.004101819918211966,-0.011460947082497246
274.68671679197996,0.0041018199182118326,-0.011460947082497251
275.6892230576441,0.00410181991821173,-0.011460947082497253
276.69172932330827,0.004101819918211659,-0.011460947082497253
277.69423558897245,0.004101819918211619,-0.011460947082497251
278.69674185463657,0.004101819918211608,-0.011460947082497246
279.69924812030075,0.004101819918211627,-0.011460947082497237
280.70175438596493,0.004101819918211676,-0.01146094708249723
281.70426065162906,0.004101819918211752,-0.011460947082497218
282.70676691729324,0.004101819918211858,-0.011460947082497203
283.7092731829574,0.0041018199182119896,-0.011460947082497189
284.71177944862154,0.00410181991821215,-0.011460947082497171
285.7142857142857,0.004101819918212337,-0.01146094708249715
286.71679197994985,0.00410181991821255,-0.011460947082497126
287.719298245614,0.004101819918212789,-0.011460947082497102
288.7218045112782,0.004101819918213054,-0.011460947082497078
289.72431077694233,0.0041018199182133435,-0.011460947082497048
290.7268170426065,0.004101819918213657,-0.011460947082497017
291.7293233082707,0.004101819918213995,-0.011460947082496986
292.7318295739348,0.004101819918214357,-0.011460947082496951
293.734335839599,0.004101819918214741,-0.011460947082496916
294.7368421052632,0.004101819918215148,-0.01146094708249688
295.7393483709273,0.004101819918215576,-0.01146094708249684
296.7418546365915,0.004101819918216027,-0.011460947082496798
297.74436090225566,0.0041018199182165,-0.011460947082496757
298.7468671679198,0.004101819918216993,-0.011460947082496712
299.74937343358397,0.004101819918217505,-0.011460947082496667
300.7518796992481,0.0041018199182180385,-0.01146094708249662
301.7543859649123,0.00410181991821859,-0.011460947082496571
302.75689223057645,0.004101819918219162,-0.011460947082496521
303.7593984962406,0.004101819918219752,-0.01146094708249647
304.76190476190476,0.004101819918220359,-0.011460947082496417
305.76441102756894,0.004101819918220983,-0.011460947082496363
306.76691729323306,0.004101819918221626,-0.01146094708249631
307.76942355889724,0.004101819918222283,-0.011460947082496252
308.7719298245614,0.004101819918222958,-0.011460947082496193
309.77443609022555,0.004101819918223648,-0.011460947082496136
310.77694235588973,0.004101819918224353,-0.011460947082496075
311.7794486215539,0.004101819918225072,-0.011460947082496014
312.78195488721803,0.004101819918225807,-0.011460947082495954
313.7844611528822,0.004101819918226554,-0.01146094708249589
314.78696741854634,0.004101819918227316,-0.011460947082495825
315.7894736842105,0.0041018199182280895,-0.011460947082495761
316.7919799498747,0.004101819918228875,-0.011460947082495695
317.7944862155388,0.004101819918229673,-0.011460947082495627
318.796992481203,0.004101819918230483,-0.011460947082495562
319.7994987468672,0.004101819918231303,-0.011460947082495494
320.8020050125313,0.004101819918232133,-0.011460947082495425
321.8045112781955,0.0041018199182329745,-0.011460947082495355
322.8070175438597,0.0041018199182338245,-0.011460947082495284
323.8095238095238,0.004101819918234684,-0.011460947082495213
324.812030075188,0.004101819918235552,-0.011460947082495144
325.81453634085216,0.0041018199182364275,-0.01146094708249507
326.8170426065163,0.004101819918237311,-0.011460947082494998
327.81954887218046,0.004101819918238202,-0.011460947082494927
328.8220551378446,0.0041018199182391,-0.011460947082494854
329.82456140350877,0.004101819918240004,-0.01146094708249478
330.82706766917295,0.0041018199182409135,-0.011460947082494706
331.8295739348371,0.0041018199182418285,-0.011460947082494632
332.83208020050125,0.004101819918242748,-0.011460947082494557
333.83458646616543,0.0041018199182436725,-0.011460947082494484
334.83709273182956,0.004101819918244601,-0.011460947082494408
335.83959899749374,0.004101819918245531,-0.011460947082494333
336.8421052631579,0.004101819918246466,-0.01146094708249426
337.84461152882204,0.004101819918247404,-0.011460947082494184
338.8471177944862,0.004101819918248342,-0.01146094708249411
339.8496240601504,0.0041018199182492835,-0.011460947082494035
340.8521303258145,0.004101819918250226,-0.01146094708249396
341.8546365914787,0.004101819918251168,-0.011460947082493884
342.85714285714283,0.004101819918252111,-0.011460947082493811
343.859649122807,0.004101819918253053,-0.011460947082493737
344.8621553884712,0.004101819918253995,-0.011460947082493662
345.8646616541353,0.004101819918254936,-0.01146094708249359
346.8671679197995,0.004101819918255874,-0.011460947082493516
347.8696741854637,0.004101819918256811,-0.011460947082493442
348.8721804511278,0.0041018199182577455,-0.01146094708249337
349.874686716792,0.004101819918258676,-0.011460947082493298
350.87719298245617,0.004101819918259603,-0.011460947082493225
351.8796992481203,0.004101819918260526,-0.011460947082493156
352.88220551378447,0.004101819918261446,-0.011460947082493084
353.8847117794486,0.00410181991826236,-0.011460947082493015
354.8872180451128,0.004101819918263268,-0.011460947082492946
355.88972431077696,0.004101819918264171,-0.011460947082492876
356.8922305764411,0.004101819918265067,-0.011460947082492809
357.89473684210526,0.004101819918265957,-0.011460947082492741
358.89724310776944,0.004101819918266839,-0.011460947082492675
359.89974937343356,0.004101819918267713,-0.011460947082492609
360.90225563909775,0.00410181991826858,-0.011460947082492545
361.9047619047619,0.004101819918269437,-0.011460947082492479
362.90726817042605,0.004101819918270286,-0.011460947082492418
363.90977443609023,0.0041018199182711245,-0.011460947082492356
364.9122807017544,0.004101819918271953,-0.011460947082492293
365.91478696741854,0.004101819918272772,-0.011460947082492236
366.9172932330827,0.004101819918273579,-0.011460947082492175
367.91979949874684,0.0041018199182743745,-0.011460947082492118
368.922305764411,0.004101819918275159,-0.011460947082492063
369.9248120300752,0.004101819918275929,-0.011460947082492007
370.9273182957393,0.004101819918276688,-0.011460947082491953
371.9298245614035,0.004101819918277434,-0.011460947082491901
372.9323308270677,0.004101819918278164,-0.01146094708249185
373.9348370927318,0.004101819918278881,-0.011460947082491799
374.937343358396,0.004101819918279584,-0.011460947082491752
375.9398496240602,0.004101819918280271,-0.011460947082491704
376.9423558897243,0.004101819918280942,-0.011460947082491658
377.9448621553885,0.004101819918281597,-0.011460947082491615
378.94736842105266,0.0041018199182822354,-0.011460947082491573
379.9498746867168,0.004101819918282857,-0.011460947082491532
380.95238095238096,0.004101819918283461,-0.011460947082491494
381.9548872180451,0.004101819918284047,-0.011460947082491455
382.95739348370927,0.004101819918284614,-0.011460947082491419
383.95989974937345,0.004101819918285163,-0.011460947082491386
384.9624060150376,0.004101819918285692,-0.011460947082491355
385.96491228070175,0.004101819918286201,-0.011460947082491324
386.96741854636593,0.00410181991828669,-0.011460947082491296
387.96992481203006,0.004101819918287159,-0.01146094708249127
388.97243107769424,0.004101819918287604,-0.011460947082491246
389.9749373433584,0.00410181991828803,-0.011460947082491223
390.97744360902254,0.004101819918288432,-0.011460947082491202
391.9799498746867,0.004101819918288813,-0.011460947082491185
392.9824561403509,0.00410181991828917,-0.01146094708249117
393.98496240601503,0.004101819918289502,-0.011460947082491155
394.9874686716792,0.004101819918289812,-0.011460947082491143
395.98997493734333,0.004101819918290097,-0.011460947082491135
396.9924812030075,0.004101819918290356,-0.011460947082491128
397.9949874686717,0.004101819918290591,-0.011460947082491122
398.9974937343358,0.004101819918290798,-0.01146094708249112
400.0,0.00410181991829098,-0.01146094708249112
